date,apartment,tenant,meter_type,meter_number,value,paid
23/09/2022,4,חופית כהן,מים,4,890,1
23/09/2022,4,חופית כהן,חשמל,4,56323,1
23/09/2022,2,ענבל בידני,מים,3,1077,1
23/09/2022,2,ענבל בידני,חשמל,2,42717,1
23/09/2022,1,אפי קלדרון,מים,1,1060,0
23/09/2022,1,אפי קלדרון,חשמל,1,49149,0
23/09/2022,5,רוית אביטבול,חשמל,5,21928,0
23/09/2022,5,רוית אביטבול,מים,2,694,1
23/09/2022,3,איגור יוניגיבסקי,מים,5,687,1
23/09/2022,3,איגור יוניגיבסקי,חשמל,3,31162,1
05/10/2022,4,חופית כהן,מים,4,893,1
05/10/2022,4,חופית כהן,חשמל,4,56628,1
05/10/2022,2,ענבל בידני,מים,3,1082,1
05/10/2022,2,ענבל בידני,חשמל,2,42935,1
05/10/2022,1,אפי קלדרון,מים,1,1066,0
05/10/2022,1,אפי קלדרון,חשמל,1,49686,0
05/10/2022,5,רוית אביטבול,חשמל,5,21994,1
05/10/2022,5,רוית אביטבול,מים,2,695,1
05/10/2022,3,איגור יוניגיבסקי,מים,5,689,1
05/10/2022,3,איגור יוניגיבסקי,חשמל,3,31239,1
02/11/2022,4,חופית כהן,מים,4,897,1
02/11/2022,4,חופית כהן,חשמל,4,56898,1
02/11/2022,2,ענבל בידני,מים,3,1094,1
02/11/2022,2,ענבל בידני,חשמל,2,43304,1
02/11/2022,1,אפי קלדרון,מים,1,1079,0
02/11/2022,1,אפי קלדרון,חשמל,1,50455,0
02/11/2022,5,רוית אביטבול,חשמל,5,22133,1
02/11/2022,5,רוית אביטבול,מים,2,699,1
02/11/2022,3,איגור יוניגיבסקי,מים,5,697,1
02/11/2022,3,איגור יוניגיבסקי,חשמל,3,31322,1
02/01/2023,4,חופית כהן,מים,4,907,1
02/01/2023,4,חופית כהן,חשמל,4,57367,1
02/01/2023,2,ענבל בידני,מים,3,1121,1
02/01/2023,2,ענבל בידני,חשמל,2,44083,1
02/01/2023,1,אפי קלדרון,מים,1,1101,0
02/01/2023,1,אפי קלדרון,חשמל,1,51011,0
02/01/2023,5,רוית אביטבול,חשמל,5,22750,1
02/01/2023,3,איגור יוניגיבסקי,מים,5,709,1
02/01/2023,5,רוית אביטבול,מים,2,708,1
02/01/2023,3,איגור יוניגיבסקי,חשמל,3,31527,1
02/03/2023,4,חופית כהן,מים,4,921,1
02/03/2023,4,חופית כהן,חשמל,4,58353,1
02/03/2023,2,ענבל בידני,מים,3,1149,1
02/03/2023,2,ענבל בידני,חשמל,2,45101,1
02/03/2023,1,אפי קלדרון,מים,1,1131,0
02/03/2023,1,אפי קלדרון,חשמל,1,51891,0
02/03/2023,5,רוית אביטבול,חשמל,5,23621,1
02/03/2023,3,איגור יוניגיבסקי,מים,5,721,1
02/03/2023,5,רוית אביטבול,מים,2,716,1
02/03/2023,3,איגור יוניגיבסקי,חשמל,3,31929,1
04/05/2023,4,חופית כהן,מים,4,934,1
04/05/2023,4,חופית כהן,חשמל,4,58795,1
04/05/2023,2,ענבל בידני,מים,3,1179,1
04/05/2023,2,ענבל בידני,חשמל,2,45884,1
04/05/2023,1,אפי קלדרון,מים,1,1157,0
04/05/2023,1,אפי קלדרון,חשמל,1,52577,0
04/05/2023,5,רוית אביטבול,חשמל,5,24233,1
04/05/2023,5,רוית אביטבול,מים,2,724,1
04/05/2023,3,איגור יוניגיבסקי,מים,5,734,1
04/05/2023,3,איגור יוניגיבסקי,חשמל,3,32106,1
02/07/2023,2,ענבל בידני,מים,3,1207,1
02/07/2023,2,ענבל בידני,חשמל,2,46708,1
02/07/2023,1,אפי קלדרון,מים,1,1179,0
02/07/2023,1,אפי קלדרון,חשמל,1,53787,0
02/07/2023,5,רוית אביטבול,חשמל,5,24628,1
02/07/2023,5,רוית אביטבול,מים,2,735,1
02/07/2023,4,חושן וגל אוחנה,מים,4,936,0
02/07/2023,4,חושן וגל אוחנה,חשמל,4,59064,0
02/07/2023,3,איגור יוניגיבסקי,מים,5,749,1
02/07/2023,3,איגור יוניגיבסקי,חשמל,3,32258,1
01/09/2023,2,ענבל בידני,מים,3,1232,1
01/09/2023,2,ענבל בידני,חשמל,2,47966,1
01/09/2023,1,אפי קלדרון,מים,1,1201,0
01/09/2023,1,אפי קלדרון,חשמל,1,55756,0
01/09/2023,5,רוית אביטבול,חשמל,5,25164,1
01/09/2023,5,רוית אביטבול,מים,2,741,1
01/09/2023,4,חושן וגל אוחנה,מים,4,945,1
01/09/2023,4,חושן וגל אוחנה,חשמל,4,60588,1
01/09/2023,3,איגור יוניגיבסקי,מים,5,765,1
01/09/2023,3,איגור יוניגיבסקי,חשמל,3,33051,1
01/11/2023,4,חושן וגל אוחנה,מים,4,954,1
01/11/2023,4,חושן וגל אוחנה,חשמל,4,61479,1
01/11/2023,2,ענבל בידני,מים,3,1255,1
01/11/2023,2,ענבל בידני,חשמל,2,49083,1
01/11/2023,1,אפי קלדרון,מים,1,1229,0
01/11/2023,1,אפי קלדרון,חשמל,1,57600,0
01/11/2023,5,רוית אביטבול,חשמל,5,25417,1
01/11/2023,5,רוית אביטבול,מים,2,749,1
01/11/2023,3,איגור יוניגיבסקי,מים,5,779,1
01/11/2023,3,איגור יוניגיבסקי,חשמל,3,33579,1
02/01/2024,2,ענבל בידני,חשמל,2,50336,1
02/01/2024,2,ענבל בידני,מים,3,759,1
02/01/2024,4,חושן וגל אוחנה,חשמל,4,62120,1
02/01/2024,4,חושן וגל אוחנה,מים,4,963,1
02/01/2024,3,איגור יוניגיבסקי,חשמל,3,33864,1
02/01/2024,3,איגור יוניגיבסקי,מים,5,792,1
02/01/2024,1,אפי קלדרון,מים,1,1260,0
02/01/2024,1,אפי קלדרון,חשמל,1,58546,0
02/01/2024,5,רוית אביטבול,חשמל,5,25822,0
02/01/2024,5,רוית אביטבול,מים,2,792,0
03/03/2024,4,חושן וגל אוחנה,חשמל,4,63391,1
03/03/2024,4,חושן וגל אוחנה,מים,4,977,1
03/03/2024,1,אפי קלדרון,חשמל,1,59369,0
03/03/2024,1,אפי קלדרון,מים,1,1280,0
03/03/2024,3,איגור יוניגיבסקי,חשמל,3,34353,1
03/03/2024,3,איגור יוניגיבסקי,מים,5,803,1
03/03/2024,5,רוית אביטבול,חשמל,5,26370,0
03/03/2024,5,רוית אביטבול,מים,2,803,0
03/03/2024,2,קובי ומיטל שלומי,חשמל,2,50850,0
03/03/2024,2,קובי ומיטל שלומי,מים,3,765,0
03/05/2024,5,רוית אביטבול,חשמל,5,26630,0
03/05/2024,2,דימה ואלכס פוליאקוב,חשמל,2,51133,1
03/05/2024,2,דימה ואלכס פוליאקוב,מים,3,771,1
03/05/2024,1,אפי קלדרון,חשמל,1,60075,0
03/05/2024,1,אפי קלדרון,מים,1,1307,0
03/05/2024,3,איגור יוניגיבסקי,חשמל,3,34581,1
03/05/2024,3,איגור יוניגיבסקי,מים,5,815,1
03/05/2024,5,רוית אביטבול,מים,2,815,0
03/05/2024,4,ליטל בן ברוך,מים,4,989,0
01/07/2024,5,רוית אביטבול,חשמל,5,26861,1
01/07/2024,5,רוית אביטבול,מים,2,777,1
01/07/2024,2,דימה ואלכס פוליאקוב,חשמל,2,51902,1
01/07/2024,2,דימה ואלכס פוליאקוב,מים,3,777,1
01/07/2024,1,אפי קלדרון,חשמל,1,60480,0
01/07/2024,1,אפי קלדרון,מים,1,1322,0
01/07/2024,3,איגור יוניגיבסקי,חשמל,3,34897,1
01/07/2024,3,איגור יוניגיבסקי,מים,5,829,1
01/07/2024,4,ליטל בן ברוך,חשמל,5,64512,1
01/07/2024,4,ליטל בן ברוך,מים,4,996,1
01/09/2024,5,רוית אביטבול,חשמל,5,27041,1
01/09/2024,2,דימה ואלכס פוליאקוב,חשמל,2,53273,1
01/09/2024,2,דימה ואלכס פוליאקוב,מים,3,779,1
01/09/2024,3,איגור יוניגיבסקי,חשמל,3,35647,1
01/09/2024,3,איגור יוניגיבסקי,מים,5,844,1
01/09/2024,4,ליטל בן ברוך,חשמל,5,65208,1
01/09/2024,4,ליטל בן ברוך,מים,4,1001,1
01/07/2024,1,סנדרה אהרון,מים,1,1322,1
01/07/2024,1,סנדרה אהרון,חשמל,1,60480,1
01/09/2024,1,סנדרה אהרון,מים,1,1338,1
01/09/2024,1,סנדרה אהרון,חשמל,1,62022,1
31/10/2024,5,רוית אביטבול,חשמל,5,27212,1
31/10/2024,5,רוית אביטבול,מים,2,784,1
31/10/2024,1,סנדרה אהרון,מים,1,1354,1
31/10/2024,1,סנדרה אהרון,חשמל,1,63174,1
31/10/2024,2,דימה ואלכס פוליאקוב,חשמל,2,54286,1
31/10/2024,2,דימה ואלכס פוליאקוב,מים,3,784,1
31/10/2024,3,איגור יוניגיבסקי,חשמל,3,36020,1
31/10/2024,3,איגור יוניגיבסקי,מים,5,857,1
31/10/2024,4,ליטל בן ברוך,חשמל,5,65727,1
31/10/2024,4,ליטל בן ברוך,מים,4,1008,1
02/01/2025,5,רוית אביטבול,חשמל,5,27527,0
02/01/2025,5,רוית אביטבול,מים,2,869,0
02/01/2025,1,סנדרה אהרון,מים,1,1370,1
02/01/2025,1,סנדרה אהרון,חשמל,1,63483,1
02/01/2025,4,ליטל בן ברוך,חשמל,5,66096,1
02/01/2025,2,דימה ואלכס פוליאקוב,חשמל,2,55013,1
02/01/2025,2,דימה ואלכס פוליאקוב,מים,3,792,1
02/01/2025,3,איגור יוניגיבסקי,חשמל,3,36447,1
02/01/2025,3,איגור יוניגיבסקי,מים,5,869,1
02/01/2025,4,ליטל בן ברוך,מים,4,1016,1
02/03/2025,5,רוית אביטבול,חשמל,5,28023,0
02/03/2025,5,רוית אביטבול,מים,2,879,0
02/03/2025,1,סנדרה אהרון,מים,1,1380,1
02/03/2025,1,סנדרה אהרון,חשמל,1,63699,1
02/03/2025,4,ליטל בן ברוך,חשמל,5,66624,1
02/03/2025,4,ליטל בן ברוך,מים,4,1023,1
02/03/2025,2,דימה ואלכס פוליאקוב,חשמל,2,55825,1
02/03/2025,2,דימה ואלכס פוליאקוב,מים,3,801,1
02/03/2025,3,איגור יוניגיבסקי,חשמל,3,36896,1
02/03/2025,3,איגור יוניגיבסקי,מים,5,879,1
02/05/2025,5,רוית אביטבול,חשמל,5,28325,0
02/05/2025,5,רוית אביטבול,מים,2,892,0
02/05/2025,1,סנדרה אהרון,מים,1,1390,1
02/05/2025,1,סנדרה אהרון,חשמל,1,63944,1
02/05/2025,4,ליטל בן ברוך,חשמל,5,66958,1
02/05/2025,4,ליטל בן ברוך,מים,4,1030,1
02/05/2025,2,דימה ואלכס פוליאקוב,חשמל,2,56353,1
02/05/2025,2,דימה ואלכס פוליאקוב,מים,3,811,1
02/05/2025,3,איגור יוניגיבסקי,חשמל,3,37157,1
02/05/2025,3,איגור יוניגיבסקי,מים,5,892,1
01/07/2025,5,רוית אביטבול,חשמל,5,28523,0
01/07/2025,5,רוית אביטבול,מים,2,904,0
01/07/2025,4,ליטל בן ברוך,חשמל,5,67654,1
01/07/2025,4,ליטל בן ברוך,מים,4,1038,1
01/07/2025,2,דימה ואלכס פוליאקוב,חשמל,2,56990,1
01/07/2025,2,דימה ואלכס פוליאקוב,מים,3,815,1
01/07/2025,3,איגור יוניגיבסקי,חשמל,3,37423,1
01/07/2025,3,איגור יוניגיבסקי,מים,5,904,1
01/07/2025,1,אלמוג סוניגו,מים,1,1397,1
01/07/2025,1,אלמוג סוניגו,חשמל,1,64294,1
01/07/2025,1,סנדרה אהרון,מים,1,1397,1
01/07/2025,1,סנדרה אהרון,חשמל,1,64294,1
01/09/2025,5,רוית אביטבול,חשמל,5,28618,0
01/09/2025,5,רוית אביטבול,מים,2,920,0
01/09/2025,4,ליטל בן ברוך,חשמל,5,68514,1
01/09/2025,4,ליטל בן ברוך,מים,4,1045,1
01/09/2025,2,דימה ואלכס פוליאקוב,חשמל,2,58139,1
01/09/2025,2,דימה ואלכס פוליאקוב,מים,3,819,1
01/09/2025,3,איגור יוניגיבסקי,חשמל,3,38213,1
01/09/2025,3,איגור יוניגיבסקי,מים,5,920,1
01/09/2025,1,אלמוג סוניגו,מים,1,1400,1
01/09/2025,1,אלמוג סוניגו,חשמל,1,64758,1
31/10/2025,4,ליטל בן ברוך,חשמל,5,69077,1
31/10/2025,4,ליטל בן ברוך,מים,4,1050,1
31/10/2025,2,דימה ואלכס פוליאקוב,חשמל,2,58934,1
31/10/2025,2,דימה ואלכס פוליאקוב,מים,3,820,1
31/10/2025,1,אלמוג סוניגו,חשמל,1,65298,1
31/10/2025,1,אלמוג סוניגו,מים,1,1406,1
31/10/2025,3,איגור יוניגיבסקי,חשמל,3,38483,1
31/10/2025,3,איגור יוניגיבסקי,מים,5,931,1
31/10/2025,5,איתי אדרי,חשמל,5,28688,1
31/10/2025,4,עאמר חאטיב,מים,4,1050,0
31/10/2025,4,עאמר חאטיב,חשמל,4,69100,0
31/10/2025,5,איתי אדרי,מים,2,820,1
05/12/2025,2,אבישג שלוש,מים,3,1435,0
05/12/2025,2,אבישג שלוש,חשמל,2,58865,0
01/01/2026,1,אלמוג סוניגו,חשמל,1,65687,1
01/01/2026,1,אלמוג סוניגו,מים,1,1412,0
01/01/2026,3,איגור יוניגיבסקי,חשמל,3,38770,1
01/01/2026,3,איגור יוניגיבסקי,מים,5,942,1
01/01/2026,4,עאמר חאטיב,חשמל,4,69388,0
01/01/2026,5,איתי אדרי,חשמל,5,29045,1
01/01/2026,5,איתי אדרי,מים,2,826,1
01/01/2026,4,עאמר חאטיב,מים,4,1061,0
01/01/2026,2,אבישג שלוש,מים,3,1442,0
01/01/2026,2,אבישג שלוש,חשמל,2,59304,0
30/01/2026,1,אלמוג סוניגו,מים,1,1413,0
30/01/2026,1,אלמוג סוניגו,חשמל,1,65801,0
30/01/2026,1,ולדה גאורגייב,מים,1,1413,0
30/01/2026,1,ולדה גאורגייב,חשמל,1,65801,0
01/03/2026,4,עאמר חאטיב,מים,4,1073,0
01/03/2026,4,עאמר חאטיב,חשמל,4,69878,0
01/03/2026,3,איגור יוניגיבסקי,חשמל,3,39154,0
01/03/2026,3,איגור יוניגיבסקי,מים,5,952,0
01/03/2026,5,איתי אדרי,מים,2,831,0
01/03/2026,5,איתי אדרי,חשמל,5,29394,0
01/03/2026,2,אבישג שלוש,מים,3,1458,0
01/03/2026,1,ולדה גאורגייב,מים,1,1420,1
01/03/2026,2,אבישג שלוש,חשמל,2,60092,0
01/03/2026,1,ולדה גאורגייב,חשמל,1,65948,1
